use QLLSP_JPA

GO
INSERT [dbo].[CaLamViec] ([MaCa], [TenCa], [GioLam], [LuongCa]) VALUES (N'C01', N'Ca 1', N'7h-11h', 200000)
INSERT [dbo].[CaLamViec] ([MaCa], [TenCa], [GioLam], [LuongCa]) VALUES (N'C02', N'Ca 2', N'13h-17h', 200000)
INSERT [dbo].[CaLamViec] ([MaCa], [TenCa], [GioLam], [LuongCa]) VALUES (N'C03', N'Ca 3', N'18h-22h', 300000)
INSERT [dbo].[CaLamViec] ([MaCa], [TenCa], [GioLam], [LuongCa]) VALUES (N'C04', N'Ca 4', N'23h-4h', 350000)
INSERT [dbo].[CaLamViec] ([MaCa], [TenCa], [GioLam], [LuongCa]) VALUES (N'C05', N'Ca 4', N'7h-11h (CN)', 400000)
INSERT [dbo].[CaLamViec] ([MaCa], [TenCa], [GioLam], [LuongCa]) VALUES (N'C06', N'Ca 5', N'13h-17h (CN)', 400000)
INSERT [dbo].[CaLamViec] ([MaCa], [TenCa], [GioLam], [LuongCa]) VALUES (N'C07', N'Ca 6', N'18h-22h (CN)', 500000)
INSERT [dbo].[CaLamViec] ([MaCa], [TenCa], [GioLam], [LuongCa]) VALUES (N'C08', N'Ca 8', N'23h-4h (CN)', 550000)

GO
INSERT [dbo].[CongDoan] ([MaCongDoan], [MaSanPham], [TenCongDoan], [GiaCongDoan], [SoLuong], [SoTT], [SoLuongConLai]) VALUES (N'CD00001', N'SP00001', N'Cắt Vải', 5000, 100, 1, NULL)
INSERT [dbo].[CongDoan] ([MaCongDoan], [MaSanPham], [TenCongDoan], [GiaCongDoan], [SoLuong], [SoTT], [SoLuongConLai]) VALUES (N'CD00002', N'SP00007', N'May vá', 10000, 300, 3, NULL)
INSERT [dbo].[CongDoan] ([MaCongDoan], [MaSanPham], [TenCongDoan], [GiaCongDoan], [SoLuong], [SoTT], [SoLuongConLai]) VALUES (N'CD00003', N'SP00007', N'Hoàn thiện', 12000, 300, 3, NULL)
INSERT [dbo].[CongDoan] ([MaCongDoan], [MaSanPham], [TenCongDoan], [GiaCongDoan], [SoLuong], [SoTT], [SoLuongConLai]) VALUES (N'CD00004', N'SP00003', N'Gắn phụ liệu', 15000, 10, 4, NULL)
INSERT [dbo].[CongDoan] ([MaCongDoan], [MaSanPham], [TenCongDoan], [GiaCongDoan], [SoLuong], [SoTT], [SoLuongConLai]) VALUES (N'CD00005', N'SP00005', N'Cắt Vải', 10000, 10, 3, NULL)
INSERT [dbo].[CongDoan] ([MaCongDoan], [MaSanPham], [TenCongDoan], [GiaCongDoan], [SoLuong], [SoTT], [SoLuongConLai]) VALUES (N'CD00006', N'SP00003', N'Đổ gòn', 10000, 10, 3, NULL)
INSERT [dbo].[CongDoan] ([MaCongDoan], [MaSanPham], [TenCongDoan], [GiaCongDoan], [SoLuong], [SoTT], [SoLuongConLai]) VALUES (N'CD00007', N'SP00001', N'Gia công in', 10000, 400, 3, NULL)
INSERT [dbo].[CongDoan] ([MaCongDoan], [MaSanPham], [TenCongDoan], [GiaCongDoan], [SoLuong], [SoTT], [SoLuongConLai]) VALUES (N'CD00008', N'SP00001', N'May ghép', 12000, 400, 2, NULL)
INSERT [dbo].[CongDoan] ([MaCongDoan], [MaSanPham], [TenCongDoan], [GiaCongDoan], [SoLuong], [SoTT], [SoLuongConLai]) VALUES (N'CD00009', N'SP00003', N'May kín', 13000, 10, 2, NULL)
INSERT [dbo].[CongDoan] ([MaCongDoan], [MaSanPham], [TenCongDoan], [GiaCongDoan], [SoLuong], [SoTT], [SoLuongConLai]) VALUES (N'CD00010', N'SP00004', N'Cắt chất liệu', 9000, 1200, 1, NULL)
INSERT [dbo].[CongDoan] ([MaCongDoan], [MaSanPham], [TenCongDoan], [GiaCongDoan], [SoLuong], [SoTT], [SoLuongConLai]) VALUES (N'CD00011', N'SP00004', N'Gia công logo', 11000, 1200, 3, NULL)
INSERT [dbo].[CongDoan] ([MaCongDoan], [MaSanPham], [TenCongDoan], [GiaCongDoan], [SoLuong], [SoTT], [SoLuongConLai]) VALUES (N'CD00012', N'SP00005', N'Lắp ráp khung', 10000, 10, 2, NULL)
INSERT [dbo].[CongDoan] ([MaCongDoan], [MaSanPham], [TenCongDoan], [GiaCongDoan], [SoLuong], [SoTT], [SoLuongConLai]) VALUES (N'CD00013', N'SP00005', N'Gia công phụ kiện', 12000, 10, 3, NULL)
INSERT [dbo].[CongDoan] ([MaCongDoan], [MaSanPham], [TenCongDoan], [GiaCongDoan], [SoLuong], [SoTT], [SoLuongConLai]) VALUES (N'CD00014', N'SP00006', N'Cắt da', 12000, 200, 1, NULL)
INSERT [dbo].[CongDoan] ([MaCongDoan], [MaSanPham], [TenCongDoan], [GiaCongDoan], [SoLuong], [SoTT], [SoLuongConLai]) VALUES (N'CD00015', N'SP00006', N'Gia công phụ kiện', 10000, 200, 2, NULL)
INSERT [dbo].[CongDoan] ([MaCongDoan], [MaSanPham], [TenCongDoan], [GiaCongDoan], [SoLuong], [SoTT], [SoLuongConLai]) VALUES (N'CD00016', N'SP00002', N'May Quần', 700, 300, 2, NULL)
INSERT [dbo].[CongDoan] ([MaCongDoan], [MaSanPham], [TenCongDoan], [GiaCongDoan], [SoLuong], [SoTT], [SoLuongConLai]) VALUES (N'CD17', N'SP24', N'Cắt Vải', 10000, 1000, 1, NULL)
INSERT [dbo].[CongDoan] ([MaCongDoan], [MaSanPham], [TenCongDoan], [GiaCongDoan], [SoLuong], [SoTT], [SoLuongConLai]) VALUES (N'CD18', N'SP24', N'May', 12000, 1000, 2, NULL)


GO
INSERT [dbo].[CongNhan] ([MaCongNhan], [HoTen], [NgaySinh], [GioiTinh], [DiaChi], [SDT], [SoCCCD]) VALUES (N'CN00001', N'Phan Trường Tuấn', CAST(N'2003-11-13' AS Date), N'Nam', N'201 NTS, Gò Vấp. Tp.HCM', N'0365784745', N'012345678945')
INSERT [dbo].[CongNhan] ([MaCongNhan], [HoTen], [NgaySinh], [GioiTinh], [DiaChi], [SDT], [SoCCCD]) VALUES (N'CN00002', N'Nguyễn Văn An', CAST(N'2000-11-14' AS Date), N'Nam', N'15 Lê Thị Hồng', N'0387589487', N'012337894675')
INSERT [dbo].[CongNhan] ([MaCongNhan], [HoTen], [NgaySinh], [GioiTinh], [DiaChi], [SDT], [SoCCCD]) VALUES (N'CN00003', N'Nguyễn Thị Nghĩa', CAST(N'2000-10-11' AS Date), N'Nữ', N'13.20 Lê Đức Thọ, Gò Vấp, Tp.HCM', N'0367489382', N'028337654938')
INSERT [dbo].[CongNhan] ([MaCongNhan], [HoTen], [NgaySinh], [GioiTinh], [DiaChi], [SDT], [SoCCCD]) VALUES (N'CN00004', N'Trần Văn Nhơn', CAST(N'1999-11-09' AS Date), N'Nam', N'14 Lê Văn Lương, Quận 7, Tp.HCM', N'0365784738', N'033672889162')
INSERT [dbo].[CongNhan] ([MaCongNhan], [HoTen], [NgaySinh], [GioiTinh], [DiaChi], [SDT], [SoCCCD]) VALUES (N'CN00005', N'Nguyễn Cát Tường', CAST(N'1998-12-17' AS Date), N'Nữ', N'13/4 Nguyễn Hữu Thọ, Quận 7, Tp.HCM', N'0376489382', N'067822973512')
INSERT [dbo].[CongNhan] ([MaCongNhan], [HoTen], [NgaySinh], [GioiTinh], [DiaChi], [SDT], [SoCCCD]) VALUES (N'CN00006', N'Trương Hoàng Anh', CAST(N'2003-11-11' AS Date), N'Nam', N'219 Dương Quảng Hàm', N'0376498372', N'012345678903')
INSERT [dbo].[CongNhan] ([MaCongNhan], [HoTen], [NgaySinh], [GioiTinh], [DiaChi], [SDT], [SoCCCD]) VALUES (N'CN00007', N'Mai Xuân Của', CAST(N'1989-11-28' AS Date), N'Nam', N'210 Nguyễn Thị Thập, Quận 7, Tp.HCM', N'0367489273', N'023788129302')
INSERT [dbo].[CongNhan] ([MaCongNhan], [HoTen], [NgaySinh], [GioiTinh], [DiaChi], [SDT], [SoCCCD]) VALUES (N'CN00008', N'Bùi Hoàng Việt Anh', CAST(N'1999-11-11' AS Date), N'Nam', N'10 Trần Phú, An Phú Đông, Vũng Tàu', N'0378476352', N'076826173554')
INSERT [dbo].[CongNhan] ([MaCongNhan], [HoTen], [NgaySinh], [GioiTinh], [DiaChi], [SDT], [SoCCCD]) VALUES (N'CN00009', N'Nguyễn Xuân Mạnh', CAST(N'1996-01-08' AS Date), N'Nam', N'19 An Lạc, An Sương, Tp.HCM', N'0783672555', N'066781226357')
INSERT [dbo].[CongNhan] ([MaCongNhan], [HoTen], [NgaySinh], [GioiTinh], [DiaChi], [SDT], [SoCCCD]) VALUES (N'CN00010', N'Lê Thu Thủy', CAST(N'1997-11-05' AS Date), N'Nữ', N'19 Trần Hưng Đạo, An Phú Đông, Tp.HCM', N'0378726192', N'066738292716')
INSERT [dbo].[CongNhan] ([MaCongNhan], [HoTen], [NgaySinh], [GioiTinh], [DiaChi], [SDT], [SoCCCD]) VALUES (N'CN00011', N'Nguyễn Thị Kim Huyền', CAST(N'2000-09-12' AS Date), N'Nữ', N'63/1 Nguyễn Kiệm, Phú Nhuận, Tp.HCM', N'0367283928', N'038291883746')
INSERT [dbo].[CongNhan] ([MaCongNhan], [HoTen], [NgaySinh], [GioiTinh], [DiaChi], [SDT], [SoCCCD]) VALUES (N'CN00012', N'Hoàng Xuân Tiến', CAST(N'1990-08-14' AS Date), N'Nam', N'17/2/3 Lê Thị Hồng, Gò Vấp, Tp.HCM', N'0378493822', N'067288172893')
GO
INSERT [dbo].[CongNhanBangLuong] ([MaLuongCN], [MaCongNhan], [NgayLap], [Thang], [Nam], [Luong]) VALUES (N'CNL10', N'CN00008', CAST(N'2023-12-06T00:00:00.000' AS DateTime), 12, 2023, 0)
INSERT [dbo].[CongNhanBangLuong] ([MaLuongCN], [MaCongNhan], [NgayLap], [Thang], [Nam], [Luong]) VALUES (N'L01', N'CN00001', CAST(N'2023-11-12T00:00:00.000' AS DateTime), 11, 2023, 300000)
INSERT [dbo].[CongNhanBangLuong] ([MaLuongCN], [MaCongNhan], [NgayLap], [Thang], [Nam], [Luong]) VALUES (N'L02', N'CN00002', CAST(N'2023-11-13T00:00:00.000' AS DateTime), 11, 2023, 1338000)
INSERT [dbo].[CongNhanBangLuong] ([MaLuongCN], [MaCongNhan], [NgayLap], [Thang], [Nam], [Luong]) VALUES (N'L03', N'CN00003', CAST(N'2023-11-13T00:00:00.000' AS DateTime), 11, 2023, 425000)
INSERT [dbo].[CongNhanBangLuong] ([MaLuongCN], [MaCongNhan], [NgayLap], [Thang], [Nam], [Luong]) VALUES (N'L04', N'CN00004', CAST(N'2023-11-13T00:00:00.000' AS DateTime), 11, 2023, 1060000)
INSERT [dbo].[CongNhanBangLuong] ([MaLuongCN], [MaCongNhan], [NgayLap], [Thang], [Nam], [Luong]) VALUES (N'L05', N'CN00005', CAST(N'2023-11-13T00:00:00.000' AS DateTime), 11, 2023, 1040000)
INSERT [dbo].[CongNhanBangLuong] ([MaLuongCN], [MaCongNhan], [NgayLap], [Thang], [Nam], [Luong]) VALUES (N'L06', N'CN00006', CAST(N'2023-11-13T00:00:00.000' AS DateTime), 11, 2023, 1152000)
INSERT [dbo].[CongNhanBangLuong] ([MaLuongCN], [MaCongNhan], [NgayLap], [Thang], [Nam], [Luong]) VALUES (N'L07', N'CN00007', CAST(N'2023-11-13T00:00:00.000' AS DateTime), 11, 2023, 830000)
INSERT [dbo].[CongNhanBangLuong] ([MaLuongCN], [MaCongNhan], [NgayLap], [Thang], [Nam], [Luong]) VALUES (N'L08', N'CN00002', CAST(N'2023-11-13T00:00:00.000' AS DateTime), 7, 2023, 0)
INSERT [dbo].[CongNhanBangLuong] ([MaLuongCN], [MaCongNhan], [NgayLap], [Thang], [Nam], [Luong]) VALUES (N'L09', N'CN00011', CAST(N'2023-11-13T00:00:00.000' AS DateTime), 3, 2021, 0)
INSERT [dbo].[CongNhanBangLuong] ([MaLuongCN], [MaCongNhan], [NgayLap], [Thang], [Nam], [Luong]) VALUES (N'L10', N'CN00012', CAST(N'2023-11-13T00:00:00.000' AS DateTime), 12, 2022, 0)
INSERT [dbo].[CongNhanBangLuong] ([MaLuongCN], [MaCongNhan], [NgayLap], [Thang], [Nam], [Luong]) VALUES (N'L11', N'CN00004', CAST(N'2023-11-13T00:00:00.000' AS DateTime), 11, 2023, 1060000)
INSERT [dbo].[CongNhanBangLuong] ([MaLuongCN], [MaCongNhan], [NgayLap], [Thang], [Nam], [Luong]) VALUES (N'L13', N'CN00006', CAST(N'2023-11-13T00:00:00.000' AS DateTime), 11, 2023, 1152000)
INSERT [dbo].[CongNhanBangLuong] ([MaLuongCN], [MaCongNhan], [NgayLap], [Thang], [Nam], [Luong]) VALUES (N'L14', N'CN00003', CAST(N'2023-11-13T00:00:00.000' AS DateTime), 11, 2023, 425000)
INSERT [dbo].[CongNhanBangLuong] ([MaLuongCN], [MaCongNhan], [NgayLap], [Thang], [Nam], [Luong]) VALUES (N'L15', N'CN00001', CAST(N'2023-11-13T00:00:00.000' AS DateTime), 11, 2023, 1411000)
GO
INSERT [dbo].[ChamCongCongNhan] ([MaCongCN], [MaCongNhan], [MaSanPham], [MaCongDoan], [Ngay], [MaCa], [GiaCD], [SoLuong]) VALUES (N'CCCN0001', N'CN00001', N'SP00001', N'CD00001', CAST(N'2023-11-12' AS Date), N'C01', 5000, 20)
INSERT [dbo].[ChamCongCongNhan] ([MaCongCN], [MaCongNhan], [MaSanPham], [MaCongDoan], [Ngay], [MaCa], [GiaCD], [SoLuong]) VALUES (N'CCCN0002', N'CN00003', N'SP00001', N'CD00001', CAST(N'2023-11-12' AS Date), N'C01', 5000, 25)
INSERT [dbo].[ChamCongCongNhan] ([MaCongCN], [MaCongNhan], [MaSanPham], [MaCongDoan], [Ngay], [MaCa], [GiaCD], [SoLuong]) VALUES (N'CCCN0003', N'CN00002', N'SP00001', N'CD00008', CAST(N'2023-11-12' AS Date), N'C01', 12000, 22)
INSERT [dbo].[ChamCongCongNhan] ([MaCongCN], [MaCongNhan], [MaSanPham], [MaCongDoan], [Ngay], [MaCa], [GiaCD], [SoLuong]) VALUES (N'CCCN0008', N'CN00007', N'SP00003', N'CD00009', CAST(N'2023-11-13' AS Date), N'C01', 13000, 26)
INSERT [dbo].[ChamCongCongNhan] ([MaCongCN], [MaCongNhan], [MaSanPham], [MaCongDoan], [Ngay], [MaCa], [GiaCD], [SoLuong]) VALUES (N'CCCN0009', N'CN00001', N'SP00004', N'CD00010', CAST(N'2023-11-13' AS Date), N'C01', 9000, 34)
INSERT [dbo].[ChamCongCongNhan] ([MaCongCN], [MaCongNhan], [MaSanPham], [MaCongDoan], [Ngay], [MaCa], [GiaCD], [SoLuong]) VALUES (N'CCCN0010', N'CN00002', N'SP00004', N'CD00010', CAST(N'2023-11-13' AS Date), N'C01', 9000, 36)
INSERT [dbo].[ChamCongCongNhan] ([MaCongCN], [MaCongNhan], [MaSanPham], [MaCongDoan], [Ngay], [MaCa], [GiaCD], [SoLuong]) VALUES (N'CCCN0011', N'CN00004', N'SP00005', N'CD00012', CAST(N'2023-11-13' AS Date), N'C01', 10000, 34)
INSERT [dbo].[ChamCongCongNhan] ([MaCongCN], [MaCongNhan], [MaSanPham], [MaCongDoan], [Ngay], [MaCa], [GiaCD], [SoLuong]) VALUES (N'CCCN0012', N'CN00005', N'SP00005', N'CD00012', CAST(N'2023-11-13' AS Date), N'C02', 10000, 43)
INSERT [dbo].[ChamCongCongNhan] ([MaCongCN], [MaCongNhan], [MaSanPham], [MaCongDoan], [Ngay], [MaCa], [GiaCD], [SoLuong]) VALUES (N'CCCN0013', N'CN00006', N'SP00005', N'CD00013', CAST(N'2023-11-13' AS Date), N'C01', 12000, 36)
INSERT [dbo].[ChamCongCongNhan] ([MaCongCN], [MaCongNhan], [MaSanPham], [MaCongDoan], [Ngay], [MaCa], [GiaCD], [SoLuong]) VALUES (N'CCCN0014', N'CN00007', N'SP00006', N'CD00014', CAST(N'2023-11-13' AS Date), N'C02', 12000, 41)
INSERT [dbo].[ChamCongCongNhan] ([MaCongCN], [MaCongNhan], [MaSanPham], [MaCongDoan], [Ngay], [MaCa], [GiaCD], [SoLuong]) VALUES (N'CCCN0015', N'CN00001', N'SP00006', N'CD00014', CAST(N'2023-11-13' AS Date), N'C02', 12000, 40)
INSERT [dbo].[ChamCongCongNhan] ([MaCongCN], [MaCongNhan], [MaSanPham], [MaCongDoan], [Ngay], [MaCa], [GiaCD], [SoLuong]) VALUES (N'CCCN0016', N'CN00002', N'SP00007', N'CD00002', CAST(N'2023-11-13' AS Date), N'C02', 10000, 30)
INSERT [dbo].[ChamCongCongNhan] ([MaCongCN], [MaCongNhan], [MaSanPham], [MaCongDoan], [Ngay], [MaCa], [GiaCD], [SoLuong]) VALUES (N'CCCN0017', N'CN00004', N'SP00007', N'CD00002', CAST(N'2023-11-13' AS Date), N'C01', 10000, 34)
INSERT [dbo].[ChamCongCongNhan] ([MaCongCN], [MaCongNhan], [MaSanPham], [MaCongDoan], [Ngay], [MaCa], [GiaCD], [SoLuong]) VALUES (N'CCCN0018', N'CN00003', N'SP00007', N'CD00002', CAST(N'2023-11-13' AS Date), N'C02', 10000, 30)
INSERT [dbo].[ChamCongCongNhan] ([MaCongCN], [MaCongNhan], [MaSanPham], [MaCongDoan], [Ngay], [MaCa], [GiaCD], [SoLuong]) VALUES (N'CCCN0019', N'CN00004', N'SP00007', N'CD00002', CAST(N'2023-11-13' AS Date), N'C02', 10000, 38)
INSERT [dbo].[ChamCongCongNhan] ([MaCongCN], [MaCongNhan], [MaSanPham], [MaCongDoan], [Ngay], [MaCa], [GiaCD], [SoLuong]) VALUES (N'CCCN0020', N'CN00005', N'SP00007', N'CD00003', CAST(N'2023-11-13' AS Date), N'C01', 12000, 30)
INSERT [dbo].[ChamCongCongNhan] ([MaCongCN], [MaCongNhan], [MaSanPham], [MaCongDoan], [Ngay], [MaCa], [GiaCD], [SoLuong]) VALUES (N'CCCN0021', N'CN00006', N'SP00007', N'CD00003', CAST(N'2023-11-13' AS Date), N'C01', 12000, 35)
INSERT [dbo].[ChamCongCongNhan] ([MaCongCN], [MaCongNhan], [MaSanPham], [MaCongDoan], [Ngay], [MaCa], [GiaCD], [SoLuong]) VALUES (N'CCCN1', N'CN00005', N'SP00003', N'CD00006', CAST(N'2023-12-07' AS Date), N'C06', 10000, 10)
INSERT [dbo].[ChamCongCongNhan] ([MaCongCN], [MaCongNhan], [MaSanPham], [MaCongDoan], [Ngay], [MaCa], [GiaCD], [SoLuong]) VALUES (N'CCCN2', N'CN00007', N'SP00006', N'CD00014', CAST(N'2023-12-07' AS Date), N'C01', 12000, 30)
INSERT [dbo].[ChamCongCongNhan] ([MaCongCN], [MaCongNhan], [MaSanPham], [MaCongDoan], [Ngay], [MaCa], [GiaCD], [SoLuong]) VALUES (N'CCCN3', N'CN00003', N'SP00001', N'CD00001', CAST(N'2023-12-07' AS Date), N'C02', 5000, 55)
INSERT [dbo].[ChamCongCongNhan] ([MaCongCN], [MaCongNhan], [MaSanPham], [MaCongDoan], [Ngay], [MaCa], [GiaCD], [SoLuong]) VALUES (N'CCCN4', N'CN00008', N'SP24', N'CD17', CAST(N'2023-12-13' AS Date), N'C03', 10000, 20)
INSERT [dbo].[ChamCongCongNhan] ([MaCongCN], [MaCongNhan], [MaSanPham], [MaCongDoan], [Ngay], [MaCa], [GiaCD], [SoLuong]) VALUES (N'CCCN5', N'CN00008', N'SP24', N'CD17', CAST(N'2023-12-13' AS Date), N'C07', 10000, 1000)
GO
INSERT [dbo].[CongNhanPhanCong] ([MaPhanCongCN], [MaCongNhan], [MaSanPham], [MaCongDoan], [NgayBatDau]) VALUES (N'PCCN00001', N'CN00001', N'SP00003', N'CD00004', CAST(N'2023-11-10' AS Date))
INSERT [dbo].[CongNhanPhanCong] ([MaPhanCongCN], [MaCongNhan], [MaSanPham], [MaCongDoan], [NgayBatDau]) VALUES (N'PCCN00002', N'CN00002', N'SP00003', N'CD00004', CAST(N'2023-11-10' AS Date))
INSERT [dbo].[CongNhanPhanCong] ([MaPhanCongCN], [MaCongNhan], [MaSanPham], [MaCongDoan], [NgayBatDau]) VALUES (N'PCCN00003', N'CN00003', N'SP00007', N'CD00002', CAST(N'2023-11-10' AS Date))
INSERT [dbo].[CongNhanPhanCong] ([MaPhanCongCN], [MaCongNhan], [MaSanPham], [MaCongDoan], [NgayBatDau]) VALUES (N'PCCN00004', N'CN00004', N'SP00007', N'CD00002', CAST(N'2023-11-10' AS Date))
INSERT [dbo].[CongNhanPhanCong] ([MaPhanCongCN], [MaCongNhan], [MaSanPham], [MaCongDoan], [NgayBatDau]) VALUES (N'PCCN00005', N'CN00001', N'SP00001', N'CD00001', CAST(N'2023-11-12' AS Date))
INSERT [dbo].[CongNhanPhanCong] ([MaPhanCongCN], [MaCongNhan], [MaSanPham], [MaCongDoan], [NgayBatDau]) VALUES (N'PCCN00006', N'CN00003', N'SP00001', N'CD00001', CAST(N'2023-11-12' AS Date))
INSERT [dbo].[CongNhanPhanCong] ([MaPhanCongCN], [MaCongNhan], [MaSanPham], [MaCongDoan], [NgayBatDau]) VALUES (N'PCCN00007', N'CN00005', N'SP00003', N'CD00006', CAST(N'2023-11-12' AS Date))
INSERT [dbo].[CongNhanPhanCong] ([MaPhanCongCN], [MaCongNhan], [MaSanPham], [MaCongDoan], [NgayBatDau]) VALUES (N'PCCN00008', N'CN00006', N'SP00003', N'CD00006', CAST(N'2023-11-12' AS Date))
INSERT [dbo].[CongNhanPhanCong] ([MaPhanCongCN], [MaCongNhan], [MaSanPham], [MaCongDoan], [NgayBatDau]) VALUES (N'PCCN00009', N'CN00007', N'SP00003', N'CD00009', CAST(N'2023-11-12' AS Date))
INSERT [dbo].[CongNhanPhanCong] ([MaPhanCongCN], [MaCongNhan], [MaSanPham], [MaCongDoan], [NgayBatDau]) VALUES (N'PCCN00010', N'CN00001', N'SP00004', N'CD00010', CAST(N'2023-11-12' AS Date))
INSERT [dbo].[CongNhanPhanCong] ([MaPhanCongCN], [MaCongNhan], [MaSanPham], [MaCongDoan], [NgayBatDau]) VALUES (N'PCCN00011', N'CN00002', N'SP00004', N'CD00010', CAST(N'2023-11-12' AS Date))
INSERT [dbo].[CongNhanPhanCong] ([MaPhanCongCN], [MaCongNhan], [MaSanPham], [MaCongDoan], [NgayBatDau]) VALUES (N'PCCN00012', N'CN00003', N'SP00004', N'CD00011', CAST(N'2023-11-12' AS Date))
INSERT [dbo].[CongNhanPhanCong] ([MaPhanCongCN], [MaCongNhan], [MaSanPham], [MaCongDoan], [NgayBatDau]) VALUES (N'PCCN00013', N'CN00004', N'SP00005', N'CD00012', CAST(N'2023-11-12' AS Date))
INSERT [dbo].[CongNhanPhanCong] ([MaPhanCongCN], [MaCongNhan], [MaSanPham], [MaCongDoan], [NgayBatDau]) VALUES (N'PCCN00014', N'CN00005', N'SP00005', N'CD00012', CAST(N'2023-11-12' AS Date))
INSERT [dbo].[CongNhanPhanCong] ([MaPhanCongCN], [MaCongNhan], [MaSanPham], [MaCongDoan], [NgayBatDau]) VALUES (N'PCCN00015', N'CN00006', N'SP00005', N'CD00013', CAST(N'2023-11-12' AS Date))
INSERT [dbo].[CongNhanPhanCong] ([MaPhanCongCN], [MaCongNhan], [MaSanPham], [MaCongDoan], [NgayBatDau]) VALUES (N'PCCN00016', N'CN00007', N'SP00006', N'CD00014', CAST(N'2023-11-12' AS Date))
INSERT [dbo].[CongNhanPhanCong] ([MaPhanCongCN], [MaCongNhan], [MaSanPham], [MaCongDoan], [NgayBatDau]) VALUES (N'PCCN00017', N'CN00001', N'SP00006', N'CD00014', CAST(N'2023-11-12' AS Date))
INSERT [dbo].[CongNhanPhanCong] ([MaPhanCongCN], [MaCongNhan], [MaSanPham], [MaCongDoan], [NgayBatDau]) VALUES (N'PCCN00018', N'CN00002', N'SP00006', N'CD00015', CAST(N'2023-11-12' AS Date))
INSERT [dbo].[CongNhanPhanCong] ([MaPhanCongCN], [MaCongNhan], [MaSanPham], [MaCongDoan], [NgayBatDau]) VALUES (N'PCCN00019', N'CN00003', N'SP00007', N'CD00002', CAST(N'2023-11-12' AS Date))
INSERT [dbo].[CongNhanPhanCong] ([MaPhanCongCN], [MaCongNhan], [MaSanPham], [MaCongDoan], [NgayBatDau]) VALUES (N'PCCN00020', N'CN00004', N'SP00007', N'CD00002', CAST(N'2023-11-12' AS Date))
INSERT [dbo].[CongNhanPhanCong] ([MaPhanCongCN], [MaCongNhan], [MaSanPham], [MaCongDoan], [NgayBatDau]) VALUES (N'PCCN00021', N'CN00005', N'SP00007', N'CD00003', CAST(N'2023-11-12' AS Date))
INSERT [dbo].[CongNhanPhanCong] ([MaPhanCongCN], [MaCongNhan], [MaSanPham], [MaCongDoan], [NgayBatDau]) VALUES (N'PCCN00022', N'CN00006', N'SP00007', N'CD00003', CAST(N'2023-11-12' AS Date))
INSERT [dbo].[CongNhanPhanCong] ([MaPhanCongCN], [MaCongNhan], [MaSanPham], [MaCongDoan], [NgayBatDau]) VALUES (N'PCCN00023', N'CN00003', N'SP00003', N'CD00009', CAST(N'2023-12-06' AS Date))
INSERT [dbo].[CongNhanPhanCong] ([MaPhanCongCN], [MaCongNhan], [MaSanPham], [MaCongDoan], [NgayBatDau]) VALUES (N'PCCN00024', N'CN00006', N'SP00006', N'CD00015', CAST(N'2023-12-06' AS Date))
INSERT [dbo].[CongNhanPhanCong] ([MaPhanCongCN], [MaCongNhan], [MaSanPham], [MaCongDoan], [NgayBatDau]) VALUES (N'PCCN1', N'CN00005', N'SP00002', N'CD00016', CAST(N'2023-12-07' AS Date))
INSERT [dbo].[CongNhanPhanCong] ([MaPhanCongCN], [MaCongNhan], [MaSanPham], [MaCongDoan], [NgayBatDau]) VALUES (N'PCCN2', N'CN00008', N'SP24', N'CD17', CAST(N'2023-12-13' AS Date))
GO
INSERT [dbo].[HopDong] ([MaHopDong], [TenHopDong], [TenKhachHang], [MaSanPham], [NgayLap], [NgayGiao], [DonGia], [SoLuong]) VALUES (N'HD00001', N'Thương Mai', N'Nguyễn Văn An', N'SP00008', CAST(N'2023-11-13' AS Date), CAST(N'2023-12-01' AS Date), 6000, 100)
INSERT [dbo].[HopDong] ([MaHopDong], [TenHopDong], [TenKhachHang], [MaSanPham], [NgayLap], [NgayGiao], [DonGia], [SoLuong]) VALUES (N'HD00002', N'Quần Tây  ', N'Phan Trường Tuấn', N'SP00002', CAST(N'2023-11-05' AS Date), CAST(N'2023-11-15' AS Date), 4000, 300)
INSERT [dbo].[HopDong] ([MaHopDong], [TenHopDong], [TenKhachHang], [MaSanPham], [NgayLap], [NgayGiao], [DonGia], [SoLuong]) VALUES (N'HD00003', N'Quần Kaki ', N'Trần Văn Long', N'SP00015', CAST(N'2023-11-05' AS Date), CAST(N'2023-11-15' AS Date), 2000, 500)
INSERT [dbo].[HopDong] ([MaHopDong], [TenHopDong], [TenKhachHang], [MaSanPham], [NgayLap], [NgayGiao], [DonGia], [SoLuong]) VALUES (N'HD00004', N'Mũ CowBoy ', N'Bùi Thanh Thinh', N'SP00004', CAST(N'2023-11-05' AS Date), CAST(N'2023-11-16' AS Date), 500, 1200)
INSERT [dbo].[HopDong] ([MaHopDong], [TenHopDong], [TenKhachHang], [MaSanPham], [NgayLap], [NgayGiao], [DonGia], [SoLuong]) VALUES (N'HD00005', N'Dù XỊn    ', N'Mai Xuân Của', N'SP00005', CAST(N'2023-11-05' AS Date), CAST(N'2023-11-25' AS Date), 80000, 10)
INSERT [dbo].[HopDong] ([MaHopDong], [TenHopDong], [TenKhachHang], [MaSanPham], [NgayLap], [NgayGiao], [DonGia], [SoLuong]) VALUES (N'HD00006', N'Ví Da Bò  ', N'Trương Hoàng Anh', N'SP00006', CAST(N'2023-11-05' AS Date), CAST(N'2023-11-17' AS Date), 900, 200)
INSERT [dbo].[HopDong] ([MaHopDong], [TenHopDong], [TenKhachHang], [MaSanPham], [NgayLap], [NgayGiao], [DonGia], [SoLuong]) VALUES (N'HD00007', N'Áo Khoác  ', N'Nguyễn Văn Â', N'SP00020', CAST(N'2023-11-05' AS Date), CAST(N'2023-11-30' AS Date), 20000, 250)
INSERT [dbo].[HopDong] ([MaHopDong], [TenHopDong], [TenKhachHang], [MaSanPham], [NgayLap], [NgayGiao], [DonGia], [SoLuong]) VALUES (N'HD00008', N'Áo Kaki   ', N'Nguyễn Thị Hòa', N'SP00021', CAST(N'2023-11-05' AS Date), CAST(N'2023-11-18' AS Date), 3500, 300)
INSERT [dbo].[HopDong] ([MaHopDong], [TenHopDong], [TenKhachHang], [MaSanPham], [NgayLap], [NgayGiao], [DonGia], [SoLuong]) VALUES (N'HD00009', N'Tây Âu    ', N'Võ Thành Ân', N'SP00014', CAST(N'2023-11-05' AS Date), CAST(N'2023-11-18' AS Date), 4500, 500)
INSERT [dbo].[HopDong] ([MaHopDong], [TenHopDong], [TenKhachHang], [MaSanPham], [NgayLap], [NgayGiao], [DonGia], [SoLuong]) VALUES (N'HD00010', N'Thun Trơn ', N'Nguyễn Hữu Tài', N'SP00016', CAST(N'2023-11-05' AS Date), CAST(N'2023-11-18' AS Date), 15000, 250)
INSERT [dbo].[HopDong] ([MaHopDong], [TenHopDong], [TenKhachHang], [MaSanPham], [NgayLap], [NgayGiao], [DonGia], [SoLuong]) VALUES (N'HD00011', N'Áo Hoodie ', N'Nguyễn Văn Xuyên', N'SP00022', CAST(N'2023-11-05' AS Date), CAST(N'2023-12-12' AS Date), 2300, 400)
INSERT [dbo].[HopDong] ([MaHopDong], [TenHopDong], [TenKhachHang], [MaSanPham], [NgayLap], [NgayGiao], [DonGia], [SoLuong]) VALUES (N'HD00012', N'Áo dài    ', N'Nguyễn Thị Bích', N'SP00007', CAST(N'2023-11-13' AS Date), CAST(N'2023-11-30' AS Date), 6700, 300)
INSERT [dbo].[HopDong] ([MaHopDong], [TenHopDong], [TenKhachHang], [MaSanPham], [NgayLap], [NgayGiao], [DonGia], [SoLuong]) VALUES (N'HD00013', N'Sơ Mi     ', N'Nguyễn Thanh Tuyền', N'SP00013', CAST(N'2023-11-13' AS Date), CAST(N'2023-11-30' AS Date), 4000, 400)
INSERT [dbo].[HopDong] ([MaHopDong], [TenHopDong], [TenKhachHang], [MaSanPham], [NgayLap], [NgayGiao], [DonGia], [SoLuong]) VALUES (N'HD00014', N'Short Nam ', N'Trương Đình Hoàng', N'SP00012', CAST(N'2023-11-13' AS Date), CAST(N'2023-11-29' AS Date), 8000, 350)
INSERT [dbo].[HopDong] ([MaHopDong], [TenHopDong], [TenKhachHang], [MaSanPham], [NgayLap], [NgayGiao], [DonGia], [SoLuong]) VALUES (N'HD00015', N'Dù Cao Cấp', N'Nguyễn Thị Chiến', N'SP00005', CAST(N'2023-11-13' AS Date), CAST(N'2023-12-14' AS Date), 7000, 10)
INSERT [dbo].[HopDong] ([MaHopDong], [TenHopDong], [TenKhachHang], [MaSanPham], [NgayLap], [NgayGiao], [DonGia], [SoLuong]) VALUES (N'HD00016', N'Áo hoodie ', N'Nguyễn Thanh Thuận', N'SP00022', CAST(N'2023-11-05' AS Date), CAST(N'2023-11-30' AS Date), 5000, 400)
GO
INSERT[dbo].[NhanVienBangLuong] ([MaLuong], [MaNhanVien], [TenNhanVien], [NgayLap], [Thang], [Nam], [TongLuong]) VALUES (N'L00001', N'NV00007', N'Nguyễn Tuấn Anh', CAST(N'2023-11-13T00:00:00.000' AS DateTime), 11, 2023, 950000)
INSERT [dbo].[NhanVienBangLuong] ([MaLuong], [MaNhanVien], [TenNhanVien], [NgayLap], [Thang], [Nam], [TongLuong]) VALUES (N'L00002', N'NV00001', N'Phan Quỳnh Nhi', CAST(N'2023-11-05T00:00:00.000' AS DateTime), 11, 2023, 500000)
INSERT [dbo].[NhanVienBangLuong] ([MaLuong], [MaNhanVien], [TenNhanVien], [NgayLap], [Thang], [Nam], [TongLuong]) VALUES (N'L00003', N'NV00004', N'Lê Thu Hương', CAST(N'2023-11-13T00:00:00.000' AS DateTime), 11, 2023, 650000)
INSERT [dbo].[NhanVienBangLuong] ([MaLuong], [MaNhanVien], [TenNhanVien], [NgayLap], [Thang], [Nam], [TongLuong]) VALUES (N'L00004', N'NV00003', N'Lê Văn Lương', CAST(N'2023-11-13T00:00:00.000' AS DateTime), 10, 2023, 400000)
INSERT [dbo].[NhanVienBangLuong] ([MaLuong], [MaNhanVien], [TenNhanVien], [NgayLap], [Thang], [Nam], [TongLuong]) VALUES (N'L00005', N'NV00005', N'Phan Thị Quỳnh Chi', CAST(N'2023-11-13T00:00:00.000' AS DateTime), 10, 2023, 550000)
INSERT [dbo].[NhanVienBangLuong] ([MaLuong], [MaNhanVien], [TenNhanVien], [NgayLap], [Thang], [Nam], [TongLuong]) VALUES (N'L00006', N'NV00003', N'Lê Văn Lương', CAST(N'2023-11-13T00:00:00.000' AS DateTime), 11, 2023, 200000)
GO
INSERT [dbo].[NhanVienChamCong] ([MaNhanVien], [TenNhanVien], [MaCongNV], [Ngay], [MaCa], [TrangThai], [Phep], [LuongCa]) VALUES (N'NV00001', N'Phan Quỳnh Nhi', N'CC00001', CAST(N'2023-11-13T00:00:00.000' AS DateTime), N'C04', N'Có', N'', 350000)
INSERT [dbo].[NhanVienChamCong] ([MaNhanVien], [TenNhanVien], [MaCongNV], [Ngay], [MaCa], [TrangThai], [Phep], [LuongCa]) VALUES (N'NV00007', N'Nguyễn Tuấn Anh', N'CC00002', CAST(N'2023-11-13T00:00:00.000' AS DateTime), N'C05', N'Vắng', N'Không', 400000)
INSERT [dbo].[NhanVienChamCong] ([MaNhanVien], [TenNhanVien], [MaCongNV], [Ngay], [MaCa], [TrangThai], [Phep], [LuongCa]) VALUES (N'NV00004', N'Lê Thu Hương', N'CC00003', CAST(N'2023-11-13T00:00:00.000' AS DateTime), N'C04', N'Có', N'', 350000)
INSERT [dbo].[NhanVienChamCong] ([MaNhanVien], [TenNhanVien], [MaCongNV], [Ngay], [MaCa], [TrangThai], [Phep], [LuongCa]) VALUES (N'NV00007', N'Nguyễn Tuấn Anh', N'CC00004', CAST(N'2023-11-13T00:00:00.000' AS DateTime), N'C08', N'Có', N'', 550000)
INSERT [dbo].[NhanVienChamCong] ([MaNhanVien], [TenNhanVien], [MaCongNV], [Ngay], [MaCa], [TrangThai], [Phep], [LuongCa]) VALUES (N'NV00003', N'Lê Văn Lương', N'CC00005', CAST(N'2023-11-13T00:00:00.000' AS DateTime), N'C02', N'Vắng', N'Có', 200000)
INSERT [dbo].[NhanVienChamCong] ([MaNhanVien], [TenNhanVien], [MaCongNV], [Ngay], [MaCa], [TrangThai], [Phep], [LuongCa]) VALUES (N'NV00004', N'Lê Thu Hương', N'CC00006', CAST(N'2023-11-13T00:00:00.000' AS DateTime), N'C03', N'Có', N'', 300000)
INSERT [dbo].[NhanVienChamCong] ([MaNhanVien], [TenNhanVien], [MaCongNV], [Ngay], [MaCa], [TrangThai], [Phep], [LuongCa]) VALUES (N'NV00001', N'Phan Quỳnh Nhi', N'CC00007', CAST(N'2023-11-13T00:00:00.000' AS DateTime), N'C05', N'Có', N'', 400000)
INSERT [dbo].[NhanVienChamCong] ([MaNhanVien], [TenNhanVien], [MaCongNV], [Ngay], [MaCa], [TrangThai], [Phep], [LuongCa]) VALUES (N'NV00004', N'Lê Thu Hương', N'CC00008', CAST(N'2023-10-17T00:00:00.000' AS DateTime), N'C01', N'Có', N'', 200000)
INSERT [dbo].[NhanVienChamCong] ([MaNhanVien], [TenNhanVien], [MaCongNV], [Ngay], [MaCa], [TrangThai], [Phep], [LuongCa]) VALUES (N'NV00001', N'Phan Quỳnh Nhi', N'CC00009', CAST(N'2023-10-08T00:00:00.000' AS DateTime), N'C05', N'Có', N'', 400000)
INSERT [dbo].[NhanVienChamCong] ([MaNhanVien], [TenNhanVien], [MaCongNV], [Ngay], [MaCa], [TrangThai], [Phep], [LuongCa]) VALUES (N'NV00003', N'Lê Văn Lương', N'CC00010', CAST(N'2023-10-19T00:00:00.000' AS DateTime), N'C06', N'Có', N'', 400000)
INSERT [dbo].[NhanVienChamCong] ([MaNhanVien], [TenNhanVien], [MaCongNV], [Ngay], [MaCa], [TrangThai], [Phep], [LuongCa]) VALUES (N'NV00005', N'Phan Thị Quỳnh Chi', N'CC00011', CAST(N'2023-10-18T00:00:00.000' AS DateTime), N'C08', N'Có', N'', 550000)
GO
INSERT [dbo].[NhanVienHanhChinh] ([MaNhanVien], [HoTen], [NgaySinh], [GioiTinh], [DiaChi], [SDT], [SoCCCD], [MaPhongBan], [NgayVaoLam], [TrinhDo], [NgoaiNgu]) VALUES (N'NV00001', N'Phan Quỳnh Nhi', CAST(N'2003-11-03' AS Date), N'Nữ', N'14 Lê Thị Riêng, Tân Bình, Tp.HCM', N'0378473629', N'089477329133', N'PB00002', CAST(N'2022-11-02' AS Date), N'Đại Học', N'Toeic 600')
INSERT [dbo].[NhanVienHanhChinh] ([MaNhanVien], [HoTen], [NgaySinh], [GioiTinh], [DiaChi], [SDT], [SoCCCD], [MaPhongBan], [NgayVaoLam], [TrinhDo], [NgoaiNgu]) VALUES (N'NV00002', N'Trần Quỳnh Hường', CAST(N'2002-02-05' AS Date), N'Nữ', N'17 Nguyễn Thái Học, Quận 1, TP.HCM', N'0378647563', N'044897326612', N'PB00001', CAST(N'2020-10-07' AS Date), N'Đại Học', N'Toeic 700')
INSERT [dbo].[NhanVienHanhChinh] ([MaNhanVien], [HoTen], [NgaySinh], [GioiTinh], [DiaChi], [SDT], [SoCCCD], [MaPhongBan], [NgayVaoLam], [TrinhDo], [NgoaiNgu]) VALUES (N'NV00003', N'Lê Văn Lương', CAST(N'2003-11-04' AS Date), N'Nam', N'21 Lê Lợi', N'0378574839', N'012345678907', N'PB00001', CAST(N'2023-11-01' AS Date), N'Đại Học', N'Ielts 6.5')
INSERT [dbo].[NhanVienHanhChinh] ([MaNhanVien], [HoTen], [NgaySinh], [GioiTinh], [DiaChi], [SDT], [SoCCCD], [MaPhongBan], [NgayVaoLam], [TrinhDo], [NgoaiNgu]) VALUES (N'NV00004', N'Lê Thu Hương', CAST(N'1999-02-05' AS Date), N'Nữ', N'101 Nguyễn Du, Gò vấp, TP.HCM', N'0367468923', N'077382910455', N'PB00002', CAST(N'2023-01-24' AS Date), N'Thạc Sĩ', N'Ielts 7.0')
INSERT [dbo].[NhanVienHanhChinh] ([MaNhanVien], [HoTen], [NgaySinh], [GioiTinh], [DiaChi], [SDT], [SoCCCD], [MaPhongBan], [NgayVaoLam], [TrinhDo], [NgoaiNgu]) VALUES (N'NV00005', N'Phan Thị Quỳnh Chi', CAST(N'2000-11-08' AS Date), N'Nữ', N'203 Lê Văn Lương', N'0367847362', N'035674421933', N'PB00003', CAST(N'2022-01-21' AS Date), N'Đại Học', N'Toeic 500')
INSERT [dbo].[NhanVienHanhChinh] ([MaNhanVien], [HoTen], [NgaySinh], [GioiTinh], [DiaChi], [SDT], [SoCCCD], [MaPhongBan], [NgayVaoLam], [TrinhDo], [NgoaiNgu]) VALUES (N'NV00006', N'Nguyễn Cẩm Tiên', CAST(N'1999-09-15' AS Date), N'Nữ', N'17/10 Võ Thị Sáu, Quận 3, Tp.HCM', N'0378276371', N'067281936234', N'PB00003', CAST(N'2022-11-08' AS Date), N'Đại Học', N'Ielst 6.0')
INSERT [dbo].[NhanVienHanhChinh] ([MaNhanVien], [HoTen], [NgaySinh], [GioiTinh], [DiaChi], [SDT], [SoCCCD], [MaPhongBan], [NgayVaoLam], [TrinhDo], [NgoaiNgu]) VALUES (N'NV00007', N'Nguyễn Tuấn Anh', CAST(N'2003-10-23' AS Date), N'Nam', N'201/3 NTS, Gò Vấp, Tp.HCM', N'0367859485', N'089326715278', N'PB00002', CAST(N'2021-10-05' AS Date), N'Thạc Sĩ', N'Ielts 6.0')
GO
INSERT [dbo].[PhongBan] ([MaPhongBan], [TenPhongBan]) VALUES (N'PB00001', N'Phòng Tài Chính')
INSERT [dbo].[PhongBan] ([MaPhongBan], [TenPhongBan]) VALUES (N'PB00002', N'Phòng Kế Toán')
INSERT [dbo].[PhongBan] ([MaPhongBan], [TenPhongBan]) VALUES (N'PB00003', N'Phòng Nhân Sự')
GO
INSERT [dbo].[SanPham] ([MaSanPham], [TenSanPham], [SoLuong]) VALUES (N'SP00001', N'Áo', 400)
INSERT [dbo].[SanPham] ([MaSanPham], [TenSanPham], [SoLuong]) VALUES (N'SP00002', N'Quần', 300)
INSERT [dbo].[SanPham] ([MaSanPham], [TenSanPham], [SoLuong]) VALUES (N'SP00003', N'Gối', 10)
INSERT [dbo].[SanPham] ([MaSanPham], [TenSanPham], [SoLuong]) VALUES (N'SP00004', N'Mũ', 1200)
INSERT [dbo].[SanPham] ([MaSanPham], [TenSanPham], [SoLuong]) VALUES (N'SP00005', N'Dù', 10)
INSERT [dbo].[SanPham] ([MaSanPham], [TenSanPham], [SoLuong]) VALUES (N'SP00006', N'Ví Da Cao Cấp', 200)
INSERT [dbo].[SanPham] ([MaSanPham], [TenSanPham], [SoLuong]) VALUES (N'SP00007', N'Áo dài', 300)
INSERT [dbo].[SanPham] ([MaSanPham], [TenSanPham], [SoLuong]) VALUES (N'SP00008', N'Thắt Lưng Nam', 100)
INSERT [dbo].[SanPham] ([MaSanPham], [TenSanPham], [SoLuong]) VALUES (N'SP00009', N'Quần bò nam', 200)
INSERT [dbo].[SanPham] ([MaSanPham], [TenSanPham], [SoLuong]) VALUES (N'SP00010', N'Mũ Cối', 250)
INSERT [dbo].[SanPham] ([MaSanPham], [TenSanPham], [SoLuong]) VALUES (N'SP00011', N'Áo Thun Tay Lỡ', 300)
INSERT [dbo].[SanPham] ([MaSanPham], [TenSanPham], [SoLuong]) VALUES (N'SP00012', N'Quần Short Nam', 350)
INSERT [dbo].[SanPham] ([MaSanPham], [TenSanPham], [SoLuong]) VALUES (N'SP00013', N'Áo Sơ Mi Nữ', 400)
INSERT [dbo].[SanPham] ([MaSanPham], [TenSanPham], [SoLuong]) VALUES (N'SP00014', N'Quần Tây Âu', 500)
INSERT [dbo].[SanPham] ([MaSanPham], [TenSanPham], [SoLuong]) VALUES (N'SP00015', N'Quần Kaki', 300)
INSERT [dbo].[SanPham] ([MaSanPham], [TenSanPham], [SoLuong]) VALUES (N'SP00016', N'Áo Thun Trơn', 250)
INSERT [dbo].[SanPham] ([MaSanPham], [TenSanPham], [SoLuong]) VALUES (N'SP00017', N'Đồ Bộ Thể Thao', 400)
INSERT [dbo].[SanPham] ([MaSanPham], [TenSanPham], [SoLuong]) VALUES (N'SP00018', N'Quần Đùi Nam', 300)
INSERT [dbo].[SanPham] ([MaSanPham], [TenSanPham], [SoLuong]) VALUES (N'SP00019', N'Quần Jean', 200)
INSERT [dbo].[SanPham] ([MaSanPham], [TenSanPham], [SoLuong]) VALUES (N'SP00020', N'Áo Khoác Chống Nắng', 250)
INSERT [dbo].[SanPham] ([MaSanPham], [TenSanPham], [SoLuong]) VALUES (N'SP00021', N'Áo Khoác Kaki Nam', 300)
INSERT [dbo].[SanPham] ([MaSanPham], [TenSanPham], [SoLuong]) VALUES (N'SP00022', N'Áo Hoodie', 400)
INSERT [dbo].[SanPham] ([MaSanPham], [TenSanPham], [SoLuong]) VALUES (N'SP23', N'Áo Khoác Nam', 200)
INSERT [dbo].[SanPham] ([MaSanPham], [TenSanPham], [SoLuong]) VALUES (N'SP24', N'Áo Khoác Dù', 1000)
GO
INSERT [dbo].[TaiKhoan] ([TenTaiKhoan], [MatKhau], [Quyen]) VALUES (N'NV00001', N'12345', N'Admin')
INSERT [dbo].[TaiKhoan] ([TenTaiKhoan], [MatKhau], [Quyen]) VALUES (N'NV00002', N'12345', N'NhanVien')
